<?xml version="1.0" encoding="UTF-8"?>
<project-private xmlns="http://www.netbeans.org/ns/project-private/1">
    <editor-bookmarks xmlns="http://www.netbeans.org/ns/editor-bookmarks/2" lastBookmarkId="0"/>
    <open-files xmlns="http://www.netbeans.org/ns/projectui-open-files/2">
        <group>
            <file>file:/D:/xampp/htdocs/gymmanagement/admin/package_edit.php</file>
            <file>file:/D:/xampp/htdocs/gymmanagement/admin/instructor_delete.php</file>
            <file>file:/D:/xampp/htdocs/gymmanagement/admin/instructor_edit.php</file>
            <file>file:/D:/xampp/htdocs/gymmanagement/admin/instructorlist.php</file>
            <file>file:/D:/xampp/htdocs/gymmanagement/admin/package_delete.php</file>
            <file>file:/D:/xampp/htdocs/gymmanagement/admin/include_templates/navigation.php</file>
            <file>file:/D:/xampp/htdocs/gymmanagement/admin/addpackage.php</file>
            <file>file:/D:/xampp/htdocs/gymmanagement/admin/addinstructor.php</file>
            <file>file:/D:/xampp/htdocs/gymmanagement/admin/packagelist.php</file>
        </group>
    </open-files>
</project-private>
